domain,raw_feature_count,coordinate_count,compression_ratio,all_feature_accuracy,coordinate_accuracy,accuracy_delta
IGP24,15,5,0.3333333333333333,0.9863013698630136,0.958904109589041,-0.0273972602739726
ETP,8,5,0.625,0.8666666666666667,0.7333333333333333,-0.13333333333333341
ARC,7,5,0.7142857142857143,0.9333333333333333,0.88,-0.053333333333333344
MAZE,7,5,0.7142857142857143,1.0,0.9733333333333334,-0.026666666666666616
CA,7,5,0.7142857142857143,1.0,1.0,0.0
PHASE,6,5,0.8333333333333334,0.9875,1.0,0.012499999999999956
