domain,role,accuracy,macro_f1,all_feature_accuracy,nearest_neighbor_accuracy,sparse_regression_accuracy,cluster_ari,map_cost,route_cost,search_cost_ratio
IGP24,train,0.958904109589041,0.5240271430549786,0.9863013698630136,0.9452054794520548,0.9863013698630136,0.07253478504127873,,,
ETP,train,0.7333333333333333,0.5493690554666164,0.8666666666666667,0.7733333333333333,0.8266666666666667,0.31733816241051704,9.193333333333333,115.87,12.60369833212473
ARC,train,0.88,0.5102611674040245,0.9333333333333333,0.76,0.7866666666666666,0.14410871929324032,13.506666666666666,121.68,9.00888450148075
MAZE,train,0.9733333333333334,0.9705097451274363,1.0,0.8933333333333333,0.96,0.30747271664721676,113.80333333333333,980.3266666666667,8.614217509739024
CA,train,1.0,1.0,1.0,0.90625,1.0,0.09278043382606486,9.0,1230.5,136.72222222222223
PHASE,blind_transfer,1.0,1.0,0.9875,0.775,0.9125,0.17281468912722275,4.0,7523.590625,1880.89765625
