probe,unknown_prediction_accuracy,unknown_prediction_macro_f1
FEYNMAN_LIKE_ENERGY,0.5510204081632653,0.3546009481135139
GAS_LAW_TEMPERATURE,0.047619047619047616,0.045454545454545456
CA_ENTROPY,0.9666666666666667,0.7412984261501211
PHASE_EFFECTIVE_CONTROL,0.08163265306122448,0.061068702290076333
